MAG,N_OBS,N_CUM,BIN_RTE,CUM_RTE,MFD_FIT
5.75,2,4,5.0003e-02,1.0001e-01,9.9463e-02
5.85,1,2,2.5002e-02,5.0003e-02,8.0631e-02
5.949999999999999,1,1,2.5002e-02,2.5002e-02,6.5345e-02
6.049999999999999,0,0,0.0000e+00,0.0000e+00,5.2937e-02
6.149999999999999,0,0,0.0000e+00,0.0000e+00,4.2866e-02
6.249999999999998,0,0,0.0000e+00,0.0000e+00,3.4692e-02
6.349999999999998,0,0,0.0000e+00,0.0000e+00,2.8057e-02
6.4499999999999975,0,0,0.0000e+00,0.0000e+00,2.2671e-02
6.549999999999997,0,0,0.0000e+00,0.0000e+00,1.8299e-02
6.649999999999997,0,0,0.0000e+00,0.0000e+00,1.4751e-02
6.7499999999999964,0,0,0.0000e+00,0.0000e+00,1.1871e-02
6.849999999999996,0,0,0.0000e+00,0.0000e+00,9.5333e-03
6.949999999999996,0,0,0.0000e+00,0.0000e+00,7.6358e-03
7.049999999999995,0,0,0.0000e+00,0.0000e+00,6.0957e-03
7.149999999999995,0,0,0.0000e+00,0.0000e+00,4.8455e-03
7.249999999999995,0,0,0.0000e+00,0.0000e+00,3.8308e-03
7.349999999999994,0,0,0.0000e+00,0.0000e+00,3.0072e-03
7.449999999999994,0,0,0.0000e+00,0.0000e+00,2.3386e-03
7.549999999999994,0,0,0.0000e+00,0.0000e+00,1.7960e-03
7.649999999999993,0,0,0.0000e+00,0.0000e+00,1.3556e-03
7.749999999999993,0,0,0.0000e+00,0.0000e+00,9.9805e-04
7.8499999999999925,0,0,0.0000e+00,0.0000e+00,7.0786e-04
7.949999999999992,0,0,0.0000e+00,0.0000e+00,4.7232e-04
8.049999999999992,0,0,0.0000e+00,0.0000e+00,2.8114e-04
8.149999999999991,0,0,0.0000e+00,0.0000e+00,1.2596e-04
8.249999999999991,0,0,0.0000e+00,0.0000e+00,1.2596e-04
