MAG,N_OBS,N_CUM,BIN_RTE,CUM_RTE,MFD_FIT
5.75,1,7,2.5002e-02,1.4284e-01,2.0082e-01
5.85,1,6,2.5002e-02,1.1784e-01,1.6280e-01
5.949999999999999,0,5,0.0000e+00,9.2837e-02,1.3193e-01
6.049999999999999,1,5,2.5002e-02,9.2837e-02,1.0688e-01
6.149999999999999,0,4,0.0000e+00,6.7836e-02,8.6548e-02
6.249999999999998,0,4,0.0000e+00,6.7836e-02,7.0044e-02
6.349999999999998,1,4,1.9609e-02,6.7836e-02,5.6647e-02
6.4499999999999975,0,3,0.0000e+00,4.8227e-02,4.5773e-02
6.549999999999997,0,3,0.0000e+00,4.8227e-02,3.6947e-02
6.649999999999997,1,3,1.9609e-02,4.8227e-02,2.9783e-02
6.7499999999999964,1,2,1.9609e-02,2.8618e-02,2.3968e-02
6.849999999999996,0,1,0.0000e+00,9.0092e-03,1.9248e-02
6.949999999999996,0,1,0.0000e+00,9.0092e-03,1.5417e-02
7.049999999999995,0,1,0.0000e+00,9.0092e-03,1.2307e-02
7.149999999999995,0,1,0.0000e+00,9.0092e-03,9.7833e-03
7.249999999999995,0,1,0.0000e+00,9.0092e-03,7.7345e-03
7.349999999999994,0,1,0.0000e+00,9.0092e-03,6.0716e-03
7.449999999999994,0,1,0.0000e+00,9.0092e-03,4.7218e-03
7.549999999999994,1,1,9.0092e-03,9.0092e-03,3.6262e-03
7.649999999999993,0,0,0.0000e+00,0.0000e+00,2.7369e-03
7.749999999999993,0,0,0.0000e+00,0.0000e+00,2.0151e-03
7.8499999999999925,0,0,0.0000e+00,0.0000e+00,1.4292e-03
7.949999999999992,0,0,0.0000e+00,0.0000e+00,9.5364e-04
8.049999999999992,0,0,0.0000e+00,0.0000e+00,5.6763e-04
8.149999999999991,0,0,0.0000e+00,0.0000e+00,2.5431e-04
8.249999999999991,0,0,0.0000e+00,0.0000e+00,2.5431e-04
