SRC_NAME,CODE,SRC_TYPE,SRC_WEIGHT,DEP_BEST,DEP_UPPER,DEP_LOWER,MIN_MAG,MIN_RMAG,MMAX_BEST,MMAX_LOWER,MMAX_UPPER,N0_BEST,N0_LOWER,N0_UPPER,BVAL_BEST,BVAL_LOWER,BVAL_UPPER,BVAL_FIX,BVAL_FIX_S,YCOMP,MCOMP,YMAX,TRT,DOMAIN,CAT_FILE
Coastal WA,ZN1,area,1.0,5.0,2.5,10.0,4.5,4.0,7.5,7.3,7.7,4321.010,7485.879,2468.198,0.819483,0.891739,0.747227,0.819483,0.072256,1985;1965;1940,3.5;4.2;6.4,2011,Cratonic,3.,GGcat-161025.csv
Centre Australia,ZN2,area,1.0,5.0,2.5,10.0,4.5,4.0,7.5,7.3,7.7,1166.905,1801.096,725.7812,0.819483,0.891739,0.747227,0.819483,0.072256,1985;1965;1940,3.5;4.2;6.4,2011,Cratonic,3.,GGcat-161025.csv
South Australia,ZN3,area,1.0,10.0,5.0,15.0,4.5,4.0,7.5,7.3,7.7,33726.97,102537.2,10666.93,1.208254,1.35451,1.061998,1.208254,0.146256,1990;1980;1965,3.0;3.5;4.0,2011,Non_cratonic,4.,GGcat-161025.csv
SE Australia,ZN4,area,1.0,10.0,5.0,15.0,4.5,4.0,7.5,7.3,7.7,58373.60,187854.2,17735.85,1.208254,1.35451,1.061998,1.208254,0.146256,1990;1980;1965,3.0;3.5;4.0,2011,Non_cratonic,4.,GGcat-161025.csv
Queensland,ZN5,area,1.0,10.0,5.0,15.0,4.5,4.0,7.5,7.3,7.7,16863.48,46087.85,5695.686,1.208254,1.35451,1.061998,1.208254,0.146256,1990;1980;1965,3.0;3.5;4.0,2011,Non_cratonic,4.,GGcat-161025.csv
North Background,NBA,area,1.0,5.0,2.5,10.0,4.5,4.0,7.5,7.3,7.7,1742.565,2785.438,1058.082,0.819483,0.891739,0.747227,0.819483,0.072256,1985;1965;1940,3.5;4.2;6.4,2011,Cratonic,3.,GGcat-161025.csv
Eastern Background,EBA,area,1.0,10.0,5.0,15.0,4.5,4.0,7.7,7.5,7.9,133.3123,162.2221,104.2924,0.835197,0.943686,0.726708,0.835197,0.108489,2000;1990;1970;1963,3.0;3.5;5.0;6.0,2011,Extended,7.,GGcat-161025.csv
South Background,SBA,area,1.0,5.0,2.5,10.0,4.5,4.0,7.5,7.3,7.7,600.6883,824.3818,401.2189,0.819483,0.891739,0.747227,0.819483,0.072256,1985;1965;1940,3.5;4.2;6.4,2011,Cratonic,3.,GGcat-161025.csv
