MAG,N_OBS,N_CUM,BIN_RTE,CUM_RTE,MFD_FIT
5.75,0,4,0.0000e+00,8.3828e-02,1.0035e-01
5.85,1,4,2.5002e-02,8.3828e-02,8.1346e-02
5.949999999999999,0,3,0.0000e+00,5.8826e-02,6.5924e-02
6.049999999999999,0,3,0.0000e+00,5.8826e-02,5.3407e-02
6.149999999999999,0,3,0.0000e+00,5.8826e-02,4.3246e-02
6.249999999999998,0,3,0.0000e+00,5.8826e-02,3.4999e-02
6.349999999999998,1,3,1.9609e-02,5.8826e-02,2.8305e-02
6.4499999999999975,0,2,0.0000e+00,3.9218e-02,2.2872e-02
6.549999999999997,0,2,0.0000e+00,3.9218e-02,1.8462e-02
6.649999999999997,0,2,0.0000e+00,3.9218e-02,1.4882e-02
6.7499999999999964,1,2,1.9609e-02,3.9218e-02,1.1976e-02
6.849999999999996,0,1,0.0000e+00,1.9609e-02,9.6178e-03
6.949999999999996,0,1,0.0000e+00,1.9609e-02,7.7035e-03
7.049999999999995,0,1,0.0000e+00,1.9609e-02,6.1497e-03
7.149999999999995,0,1,0.0000e+00,1.9609e-02,4.8885e-03
7.249999999999995,0,1,0.0000e+00,1.9609e-02,3.8648e-03
7.349999999999994,1,1,1.9609e-02,1.9609e-02,3.0338e-03
7.449999999999994,0,0,0.0000e+00,0.0000e+00,2.3594e-03
7.549999999999994,0,0,0.0000e+00,0.0000e+00,1.8119e-03
7.649999999999993,0,0,0.0000e+00,0.0000e+00,1.3676e-03
7.749999999999993,0,0,0.0000e+00,0.0000e+00,1.0069e-03
7.8499999999999925,0,0,0.0000e+00,0.0000e+00,7.1414e-04
7.949999999999992,0,0,0.0000e+00,0.0000e+00,4.7651e-04
8.049999999999992,0,0,0.0000e+00,0.0000e+00,2.8363e-04
8.149999999999991,0,0,0.0000e+00,0.0000e+00,1.2708e-04
8.249999999999991,0,0,0.0000e+00,0.0000e+00,1.2708e-04
