MAG,N_OBS,N_CUM,BIN_RTE,CUM_RTE,MFD_FIT
5.75,1,2,2.5002e-02,5.0003e-02,4.7276e-02
5.85,0,1,0.0000e+00,2.5002e-02,3.8325e-02
5.949999999999999,0,1,0.0000e+00,2.5002e-02,3.1059e-02
6.049999999999999,1,1,2.5002e-02,2.5002e-02,2.5162e-02
6.149999999999999,0,0,0.0000e+00,0.0000e+00,2.0375e-02
6.249999999999998,0,0,0.0000e+00,0.0000e+00,1.6489e-02
6.349999999999998,0,0,0.0000e+00,0.0000e+00,1.3336e-02
6.4499999999999975,0,0,0.0000e+00,0.0000e+00,1.0776e-02
6.549999999999997,0,0,0.0000e+00,0.0000e+00,8.6980e-03
6.649999999999997,0,0,0.0000e+00,0.0000e+00,7.0114e-03
6.7499999999999964,0,0,0.0000e+00,0.0000e+00,5.6425e-03
6.849999999999996,0,0,0.0000e+00,0.0000e+00,4.5313e-03
6.949999999999996,0,0,0.0000e+00,0.0000e+00,3.6294e-03
7.049999999999995,0,0,0.0000e+00,0.0000e+00,2.8974e-03
7.149999999999995,0,0,0.0000e+00,0.0000e+00,2.3031e-03
7.249999999999995,0,0,0.0000e+00,0.0000e+00,1.8208e-03
7.349999999999994,0,0,0.0000e+00,0.0000e+00,1.4294e-03
7.449999999999994,0,0,0.0000e+00,0.0000e+00,1.1116e-03
7.549999999999994,0,0,0.0000e+00,0.0000e+00,8.5367e-04
7.649999999999993,0,0,0.0000e+00,0.0000e+00,6.4432e-04
7.749999999999993,0,0,0.0000e+00,0.0000e+00,4.7439e-04
7.8499999999999925,0,0,0.0000e+00,0.0000e+00,3.3646e-04
7.949999999999992,0,0,0.0000e+00,0.0000e+00,2.2450e-04
8.049999999999992,0,0,0.0000e+00,0.0000e+00,1.3363e-04
8.149999999999991,0,0,0.0000e+00,0.0000e+00,5.9870e-05
8.249999999999991,0,0,0.0000e+00,0.0000e+00,5.9870e-05
