MAG,N_OBS,N_CUM,BIN_RTE,CUM_RTE,MFD_FIT
5.75,1,6,2.5002e-02,1.3922e-01,1.3266e-01
5.85,1,5,2.5002e-02,1.1422e-01,1.0537e-01
5.949999999999999,0,4,0.0000e+00,8.9221e-02,8.3431e-02
6.049999999999999,2,4,5.0003e-02,8.9221e-02,6.5792e-02
6.149999999999999,0,2,0.0000e+00,3.9218e-02,5.1610e-02
6.249999999999998,0,2,0.0000e+00,3.9218e-02,4.0207e-02
6.349999999999998,0,2,0.0000e+00,3.9218e-02,3.1040e-02
6.4499999999999975,0,2,0.0000e+00,3.9218e-02,2.3669e-02
6.549999999999997,0,2,0.0000e+00,3.9218e-02,1.7743e-02
6.649999999999997,1,2,1.9609e-02,3.9218e-02,1.2978e-02
6.7499999999999964,0,1,0.0000e+00,1.9609e-02,9.1477e-03
6.849999999999996,0,1,0.0000e+00,1.9609e-02,6.0678e-03
6.949999999999996,0,1,0.0000e+00,1.9609e-02,3.5916e-03
7.049999999999995,0,1,0.0000e+00,1.9609e-02,1.6007e-03
7.149999999999995,1,1,1.9609e-02,1.9609e-02,1.6007e-03
