MAG,N_OBS,N_CUM,BIN_RTE,CUM_RTE,MFD_FIT
5.75,1,6,2.5002e-02,1.3383e-01,1.1524e-01
5.85,0,5,0.0000e+00,1.0883e-01,9.3420e-02
5.949999999999999,0,5,0.0000e+00,1.0883e-01,7.5710e-02
6.049999999999999,1,5,2.5002e-02,1.0883e-01,6.1334e-02
6.149999999999999,1,4,2.5002e-02,8.3828e-02,4.9666e-02
6.249999999999998,1,3,1.9609e-02,5.8826e-02,4.0194e-02
6.349999999999998,0,2,0.0000e+00,3.9218e-02,3.2507e-02
6.4499999999999975,0,2,0.0000e+00,3.9218e-02,2.6267e-02
6.549999999999997,2,2,3.9218e-02,3.9218e-02,2.1202e-02
6.649999999999997,0,0,0.0000e+00,0.0000e+00,1.7091e-02
6.7499999999999964,0,0,0.0000e+00,0.0000e+00,1.3754e-02
6.849999999999996,0,0,0.0000e+00,0.0000e+00,1.1045e-02
6.949999999999996,0,0,0.0000e+00,0.0000e+00,8.8470e-03
7.049999999999995,0,0,0.0000e+00,0.0000e+00,7.0625e-03
7.149999999999995,0,0,0.0000e+00,0.0000e+00,5.6141e-03
7.249999999999995,0,0,0.0000e+00,0.0000e+00,4.4384e-03
7.349999999999994,0,0,0.0000e+00,0.0000e+00,3.4842e-03
7.449999999999994,0,0,0.0000e+00,0.0000e+00,2.7096e-03
7.549999999999994,0,0,0.0000e+00,0.0000e+00,2.0809e-03
7.649999999999993,0,0,0.0000e+00,0.0000e+00,1.5706e-03
7.749999999999993,0,0,0.0000e+00,0.0000e+00,1.1564e-03
7.8499999999999925,0,0,0.0000e+00,0.0000e+00,8.2014e-04
7.949999999999992,0,0,0.0000e+00,0.0000e+00,5.4724e-04
8.049999999999992,0,0,0.0000e+00,0.0000e+00,3.2573e-04
8.149999999999991,0,0,0.0000e+00,0.0000e+00,1.4594e-04
8.249999999999991,0,0,0.0000e+00,0.0000e+00,1.4594e-04
