MAG,N_OBS,N_CUM,BIN_RTE,CUM_RTE,MFD_FIT
5.75,2,2,5.0003e-02,5.0003e-02,4.6355e-02
5.85,0,0,0.0000e+00,0.0000e+00,3.6554e-02
5.949999999999999,0,0,0.0000e+00,0.0000e+00,2.8675e-02
6.049999999999999,0,0,0.0000e+00,0.0000e+00,2.2340e-02
6.149999999999999,0,0,0.0000e+00,0.0000e+00,1.7246e-02
6.249999999999998,0,0,0.0000e+00,0.0000e+00,1.3151e-02
6.349999999999998,0,0,0.0000e+00,0.0000e+00,9.8582e-03
6.4499999999999975,0,0,0.0000e+00,0.0000e+00,7.2109e-03
6.549999999999997,0,0,0.0000e+00,0.0000e+00,5.0826e-03
6.649999999999997,0,0,0.0000e+00,0.0000e+00,3.3713e-03
6.7499999999999964,0,0,0.0000e+00,0.0000e+00,1.9955e-03
6.849999999999996,0,0,0.0000e+00,0.0000e+00,8.8936e-04
6.949999999999996,0,0,0.0000e+00,0.0000e+00,8.8936e-04
