MAG,N_OBS,N_CUM,BIN_RTE,CUM_RTE,MFD_FIT
3.45,0,10,0.0000e+00,2.5844e-01,3.0036e-01
3.5500000000000003,2,10,5.3281e-02,2.5844e-01,2.5794e-01
3.6500000000000004,0,8,0.0000e+00,2.0516e-01,2.2149e-01
3.7500000000000004,0,8,0.0000e+00,2.0516e-01,1.9019e-01
3.8500000000000005,2,8,5.3281e-02,2.0516e-01,1.6330e-01
3.9500000000000006,0,6,0.0000e+00,1.5188e-01,1.4020e-01
4.050000000000001,2,6,5.3281e-02,1.5188e-01,1.2036e-01
4.15,0,4,0.0000e+00,9.8600e-02,1.0331e-01
4.250000000000001,0,4,0.0000e+00,9.8600e-02,8.8675e-02
4.350000000000001,1,4,2.6641e-02,9.8600e-02,7.6099e-02
4.450000000000001,0,3,0.0000e+00,7.1960e-02,6.5296e-02
4.550000000000001,1,3,2.6641e-02,7.1960e-02,5.6017e-02
4.650000000000001,1,2,2.6641e-02,4.5319e-02,4.8046e-02
4.750000000000002,0,1,0.0000e+00,1.8679e-02,4.1200e-02
4.850000000000001,0,1,0.0000e+00,1.8679e-02,3.5318e-02
4.950000000000001,0,1,0.0000e+00,1.8679e-02,3.0266e-02
5.050000000000002,1,1,1.8679e-02,1.8679e-02,2.5927e-02
5.150000000000002,0,0,0.0000e+00,0.0000e+00,2.2199e-02
5.250000000000002,0,0,0.0000e+00,0.0000e+00,1.8997e-02
5.350000000000001,0,0,0.0000e+00,0.0000e+00,1.6247e-02
5.450000000000002,0,0,0.0000e+00,0.0000e+00,1.3884e-02
5.5500000000000025,0,0,0.0000e+00,0.0000e+00,1.1855e-02
5.650000000000002,0,0,0.0000e+00,0.0000e+00,1.0111e-02
5.750000000000002,0,0,0.0000e+00,0.0000e+00,8.6140e-03
5.850000000000002,0,0,0.0000e+00,0.0000e+00,7.3277e-03
5.950000000000003,0,0,0.0000e+00,0.0000e+00,6.2228e-03
6.0500000000000025,0,0,0.0000e+00,0.0000e+00,5.2737e-03
6.150000000000002,0,0,0.0000e+00,0.0000e+00,4.4584e-03
6.250000000000003,0,0,0.0000e+00,0.0000e+00,3.7581e-03
6.350000000000003,0,0,0.0000e+00,0.0000e+00,3.1565e-03
6.450000000000003,0,0,0.0000e+00,0.0000e+00,2.6398e-03
6.5500000000000025,0,0,0.0000e+00,0.0000e+00,2.1959e-03
6.650000000000003,0,0,0.0000e+00,0.0000e+00,1.8146e-03
6.7500000000000036,0,0,0.0000e+00,0.0000e+00,1.4871e-03
6.850000000000003,0,0,0.0000e+00,0.0000e+00,1.2058e-03
6.950000000000003,0,0,0.0000e+00,0.0000e+00,9.6411e-04
7.050000000000003,0,0,0.0000e+00,0.0000e+00,7.5653e-04
7.150000000000004,0,0,0.0000e+00,0.0000e+00,5.7822e-04
7.2500000000000036,0,0,0.0000e+00,0.0000e+00,4.2505e-04
7.350000000000003,0,0,0.0000e+00,0.0000e+00,2.9349e-04
7.450000000000004,0,0,0.0000e+00,0.0000e+00,1.8047e-04
7.550000000000003,0,0,0.0000e+00,0.0000e+00,8.3390e-05
7.650000000000004,0,0,0.0000e+00,0.0000e+00,-6.7676e-19
