MAG,N_OBS,N_CUM,BIN_RTE,CUM_RTE,MFD_FIT
3.45,1,7,2.6641e-02,1.7056e-01,1.7032e-01
3.5500000000000003,1,6,2.6641e-02,1.4392e-01,1.4456e-01
3.6500000000000004,3,5,7.9922e-02,1.1728e-01,1.2270e-01
3.7500000000000004,0,2,0.0000e+00,3.7357e-02,1.0414e-01
3.8500000000000005,0,2,0.0000e+00,3.7357e-02,8.8379e-02
3.9500000000000006,0,2,0.0000e+00,3.7357e-02,7.4999e-02
4.050000000000001,0,2,0.0000e+00,3.7357e-02,6.3639e-02
4.15,0,2,0.0000e+00,3.7357e-02,5.3993e-02
4.250000000000001,0,2,0.0000e+00,3.7357e-02,4.5805e-02
4.350000000000001,0,2,0.0000e+00,3.7357e-02,3.8852e-02
4.450000000000001,0,2,0.0000e+00,3.7357e-02,3.2949e-02
4.550000000000001,0,2,0.0000e+00,3.7357e-02,2.7938e-02
4.650000000000001,0,2,0.0000e+00,3.7357e-02,2.3683e-02
4.750000000000002,0,2,0.0000e+00,3.7357e-02,2.0070e-02
4.850000000000001,0,2,0.0000e+00,3.7357e-02,1.7003e-02
4.950000000000001,0,2,0.0000e+00,3.7357e-02,1.4399e-02
5.050000000000002,1,2,1.8679e-02,3.7357e-02,1.2188e-02
5.150000000000002,0,1,0.0000e+00,1.8679e-02,1.0311e-02
5.250000000000002,0,1,0.0000e+00,1.8679e-02,8.7172e-03
5.350000000000001,1,1,1.8679e-02,1.8679e-02,7.3642e-03
5.450000000000002,0,0,0.0000e+00,0.0000e+00,6.2154e-03
5.5500000000000025,0,0,0.0000e+00,0.0000e+00,5.2400e-03
5.650000000000002,0,0,0.0000e+00,0.0000e+00,4.4120e-03
5.750000000000002,0,0,0.0000e+00,0.0000e+00,3.7089e-03
5.850000000000002,0,0,0.0000e+00,0.0000e+00,3.1120e-03
5.950000000000003,0,0,0.0000e+00,0.0000e+00,2.6052e-03
6.0500000000000025,0,0,0.0000e+00,0.0000e+00,2.1749e-03
6.150000000000002,0,0,0.0000e+00,0.0000e+00,1.8096e-03
6.250000000000003,0,0,0.0000e+00,0.0000e+00,1.4995e-03
6.350000000000003,0,0,0.0000e+00,0.0000e+00,1.2361e-03
6.450000000000003,0,0,0.0000e+00,0.0000e+00,1.0126e-03
6.5500000000000025,0,0,0.0000e+00,0.0000e+00,8.2274e-04
6.650000000000003,0,0,0.0000e+00,0.0000e+00,6.6158e-04
6.7500000000000036,0,0,0.0000e+00,0.0000e+00,5.2475e-04
6.850000000000003,0,0,0.0000e+00,0.0000e+00,4.0858e-04
6.950000000000003,0,0,0.0000e+00,0.0000e+00,3.0995e-04
7.050000000000003,0,0,0.0000e+00,0.0000e+00,2.2622e-04
7.150000000000004,0,0,0.0000e+00,0.0000e+00,1.5512e-04
7.2500000000000036,0,0,0.0000e+00,0.0000e+00,9.4759e-05
7.350000000000003,0,0,0.0000e+00,0.0000e+00,4.3511e-05
7.450000000000004,0,0,0.0000e+00,0.0000e+00,-3.8031e-19
