MAG,N_OBS,N_CUM,BIN_RTE,CUM_RTE,MFD_FIT
5.75,1,6,2.5002e-02,1.4462e-01,1.4343e-01
5.85,1,5,2.5002e-02,1.1962e-01,1.1508e-01
5.949999999999999,1,4,2.5002e-02,9.4614e-02,9.2292e-02
6.049999999999999,1,3,2.5002e-02,6.9612e-02,7.3970e-02
6.149999999999999,1,2,2.5002e-02,4.4610e-02,5.9238e-02
6.249999999999998,1,1,1.9609e-02,1.9609e-02,4.7394e-02
6.349999999999998,0,0,0.0000e+00,0.0000e+00,3.7872e-02
6.4499999999999975,0,0,0.0000e+00,0.0000e+00,3.0215e-02
6.549999999999997,0,0,0.0000e+00,0.0000e+00,2.4060e-02
6.649999999999997,0,0,0.0000e+00,0.0000e+00,1.9111e-02
6.7499999999999964,0,0,0.0000e+00,0.0000e+00,1.5132e-02
6.849999999999996,0,0,0.0000e+00,0.0000e+00,1.1932e-02
6.949999999999996,0,0,0.0000e+00,0.0000e+00,9.3603e-03
7.049999999999995,0,0,0.0000e+00,0.0000e+00,7.2923e-03
7.149999999999995,0,0,0.0000e+00,0.0000e+00,5.6296e-03
7.249999999999995,0,0,0.0000e+00,0.0000e+00,4.2928e-03
7.349999999999994,0,0,0.0000e+00,0.0000e+00,3.2180e-03
7.449999999999994,0,0,0.0000e+00,0.0000e+00,2.3539e-03
7.549999999999994,0,0,0.0000e+00,0.0000e+00,1.6591e-03
7.649999999999993,0,0,0.0000e+00,0.0000e+00,1.1005e-03
7.749999999999993,0,0,0.0000e+00,0.0000e+00,6.5140e-04
7.8499999999999925,0,0,0.0000e+00,0.0000e+00,2.9031e-04
7.949999999999992,0,0,0.0000e+00,0.0000e+00,2.9031e-04
