MAG,N_OBS,N_CUM,BIN_RTE,CUM_RTE,MFD_FIT
3.45,0,2,0.0000e+00,5.3281e-02,6.2978e-02
3.5500000000000003,1,2,2.6641e-02,5.3281e-02,5.3206e-02
3.6500000000000004,0,1,0.0000e+00,2.6641e-02,4.4949e-02
3.7500000000000004,0,1,0.0000e+00,2.6641e-02,3.7971e-02
3.8500000000000005,0,1,0.0000e+00,2.6641e-02,3.2075e-02
3.9500000000000006,0,1,0.0000e+00,2.6641e-02,2.7093e-02
4.050000000000001,0,1,0.0000e+00,2.6641e-02,2.2882e-02
4.15,0,1,0.0000e+00,2.6641e-02,1.9325e-02
4.250000000000001,0,1,0.0000e+00,2.6641e-02,1.6318e-02
4.350000000000001,0,1,0.0000e+00,2.6641e-02,1.3778e-02
4.450000000000001,1,1,2.6641e-02,2.6641e-02,1.1631e-02
4.550000000000001,0,0,0.0000e+00,0.0000e+00,9.8167e-03
4.650000000000001,0,0,0.0000e+00,0.0000e+00,8.2837e-03
4.750000000000002,0,0,0.0000e+00,0.0000e+00,6.9883e-03
4.850000000000001,0,0,0.0000e+00,0.0000e+00,5.8937e-03
4.950000000000001,0,0,0.0000e+00,0.0000e+00,4.9687e-03
5.050000000000002,0,0,0.0000e+00,0.0000e+00,4.1871e-03
5.150000000000002,0,0,0.0000e+00,0.0000e+00,3.5266e-03
5.250000000000002,0,0,0.0000e+00,0.0000e+00,2.9684e-03
5.350000000000001,0,0,0.0000e+00,0.0000e+00,2.4968e-03
5.450000000000002,0,0,0.0000e+00,0.0000e+00,2.0982e-03
5.5500000000000025,0,0,0.0000e+00,0.0000e+00,1.7615e-03
5.650000000000002,0,0,0.0000e+00,0.0000e+00,1.4769e-03
5.750000000000002,0,0,0.0000e+00,0.0000e+00,1.2364e-03
5.850000000000002,0,0,0.0000e+00,0.0000e+00,1.0332e-03
5.950000000000003,0,0,0.0000e+00,0.0000e+00,8.6144e-04
6.0500000000000025,0,0,0.0000e+00,0.0000e+00,7.1633e-04
6.150000000000002,0,0,0.0000e+00,0.0000e+00,5.9371e-04
6.250000000000003,0,0,0.0000e+00,0.0000e+00,4.9009e-04
6.350000000000003,0,0,0.0000e+00,0.0000e+00,4.0253e-04
6.450000000000003,0,0,0.0000e+00,0.0000e+00,3.2854e-04
6.5500000000000025,0,0,0.0000e+00,0.0000e+00,2.6602e-04
6.650000000000003,0,0,0.0000e+00,0.0000e+00,2.1319e-04
6.7500000000000036,0,0,0.0000e+00,0.0000e+00,1.6854e-04
6.850000000000003,0,0,0.0000e+00,0.0000e+00,1.3081e-04
6.950000000000003,0,0,0.0000e+00,0.0000e+00,9.8932e-05
7.050000000000003,0,0,0.0000e+00,0.0000e+00,7.1993e-05
7.150000000000004,0,0,0.0000e+00,0.0000e+00,4.9228e-05
7.2500000000000036,0,0,0.0000e+00,0.0000e+00,2.9992e-05
7.350000000000003,0,0,0.0000e+00,0.0000e+00,1.3736e-05
7.450000000000004,0,0,0.0000e+00,0.0000e+00,-1.1642e-19
