MAG,N_OBS,N_CUM,BIN_RTE,CUM_RTE,MFD_FIT
3.45,3,19,7.9922e-02,4.9025e-01,4.8902e-01
3.5500000000000003,5,16,1.3320e-01,4.1032e-01,4.2090e-01
3.6500000000000004,2,11,5.3281e-02,2.7712e-01,3.6224e-01
3.7500000000000004,1,9,2.6641e-02,2.2384e-01,3.1173e-01
3.8500000000000005,2,8,5.3281e-02,1.9720e-01,2.6825e-01
3.9500000000000006,1,6,2.6641e-02,1.4392e-01,2.3080e-01
4.050000000000001,0,5,0.0000e+00,1.1728e-01,1.9856e-01
4.15,2,5,5.3281e-02,1.1728e-01,1.7080e-01
4.250000000000001,0,3,0.0000e+00,6.3998e-02,1.4689e-01
4.350000000000001,0,3,0.0000e+00,6.3998e-02,1.2631e-01
4.450000000000001,0,3,0.0000e+00,6.3998e-02,1.0859e-01
4.550000000000001,1,3,2.6641e-02,6.3998e-02,9.3327e-02
4.650000000000001,0,2,0.0000e+00,3.7357e-02,8.0188e-02
4.750000000000002,0,2,0.0000e+00,3.7357e-02,6.8874e-02
4.850000000000001,0,2,0.0000e+00,3.7357e-02,5.9132e-02
4.950000000000001,0,2,0.0000e+00,3.7357e-02,5.0744e-02
5.050000000000002,1,2,1.8679e-02,3.7357e-02,4.3521e-02
5.150000000000002,0,1,0.0000e+00,1.8679e-02,3.7302e-02
5.250000000000002,0,1,0.0000e+00,1.8679e-02,3.1948e-02
5.350000000000001,1,1,1.8679e-02,1.8679e-02,2.7337e-02
5.450000000000002,0,0,0.0000e+00,0.0000e+00,2.3367e-02
5.5500000000000025,0,0,0.0000e+00,0.0000e+00,1.9948e-02
5.650000000000002,0,0,0.0000e+00,0.0000e+00,1.7005e-02
5.750000000000002,0,0,0.0000e+00,0.0000e+00,1.4470e-02
5.850000000000002,0,0,0.0000e+00,0.0000e+00,1.2288e-02
5.950000000000003,0,0,0.0000e+00,0.0000e+00,1.0409e-02
6.0500000000000025,0,0,0.0000e+00,0.0000e+00,8.7913e-03
6.150000000000002,0,0,0.0000e+00,0.0000e+00,7.3982e-03
6.250000000000003,0,0,0.0000e+00,0.0000e+00,6.1986e-03
6.350000000000003,0,0,0.0000e+00,0.0000e+00,5.1658e-03
6.450000000000003,0,0,0.0000e+00,0.0000e+00,4.2764e-03
6.5500000000000025,0,0,0.0000e+00,0.0000e+00,3.5107e-03
6.650000000000003,0,0,0.0000e+00,0.0000e+00,2.8513e-03
6.7500000000000036,0,0,0.0000e+00,0.0000e+00,2.2836e-03
6.850000000000003,0,0,0.0000e+00,0.0000e+00,1.7947e-03
6.950000000000003,0,0,0.0000e+00,0.0000e+00,1.3738e-03
7.050000000000003,0,0,0.0000e+00,0.0000e+00,1.0114e-03
7.150000000000004,0,0,0.0000e+00,0.0000e+00,6.9930e-04
7.2500000000000036,0,0,0.0000e+00,0.0000e+00,4.3059e-04
7.350000000000003,0,0,0.0000e+00,0.0000e+00,1.9922e-04
7.450000000000004,0,0,0.0000e+00,0.0000e+00,-1.6447e-18
