SRC_NAME,CODE,SRC_TYPE,SRC_WEIGHT,DEP_BEST,DEP_UPPER,DEP_LOWER,MIN_MAG,MIN_RMAG,MMAX_BEST,MMAX_LOWER,MMAX_UPPER,N0_BEST,N0_LOWER,N0_UPPER,BVAL_BEST,BVAL_LOWER,BVAL_UPPER,BVAL_FIX,BVAL_FIX_S,YCOMP,MCOMP,YMAX,TRT,DOMAIN,CAT_FILE
SWA,SWA,area,1.0,5.0,2.5,10.0,4.5,3.0,7.5,7.3,7.7,3859.808,5454.565,2659.435,1.010958,1.076774,0.945142,1.010958,0.065816,1990;1965;1960,3.5;4.5;6.4,2011,Cratonic,1.,NSHA18CAT_V0.1_hmtk_declustered.csv
SA,SA,area,1.0,10.0,5.0,15.0,4.5,3.0,7.5,7.3,7.7,115868.9,166702.0,80364.46,1.31387,1.374388,1.253352,1.31387,0.060518,1990;1980;1965,3.0;3.5;4.0,2011,Non_cratonic,2.,NSHA18CAT_V0.1_hmtk_declustered.csv
SEA,SEA,area,1.0,10.0,5.0,15.0,4.5,3.0,7.7,7.5,7.9,94924.60,173764.0,51705.10,1.267597,1.364767,1.170427,1.267597,0.09717,2000;1990;1970;1963,3.0;3.5;5.0;6.0,2011,Extended,5.,NSHA18CAT_V0.1_hmtk_declustered.csv
WA,WA,area,1.0,5.0,2.5,10.0,4.5,3.0,7.5,7.3,7.7,41021.36,62480.08,26871.12,1.00004,1.059169,0.940911,1.00004,0.059129,1990;1965;1960,3.5;4.5;6.4,2011,Cratonic,3.,NSHA18CAT_V0.1_hmtk_declustered.csv
ENA,ENA,area,1.0,10.0,5.0,15.0,4.5,3.0,7.5,7.3,7.7,21512.40,26670.49,17306.94,1.100801,1.140133,1.061469,1.100801,0.039332,1990;1980;1965,3.0;3.5;4.0,2011,Non_cratonic,4.,NSHA18CAT_V0.1_hmtk_declustered.csv
