SRC_NAME,CODE,SRC_TYPE,SRC_WEIGHT,DEP_BEST,DEP_UPPER,DEP_LOWER,MIN_MAG,MIN_RMAG,MMAX_BEST,MMAX_LOWER,MMAX_UPPER,N0_BEST,N0_LOWER,N0_UPPER,BVAL_BEST,BVAL_LOWER,BVAL_UPPER,BVAL_FIX,BVAL_FIX_S,YCOMP,MCOMP,YMAX,TRT,DOMAIN,CAT_FILE
SWA,SWA,area,1.00,5.0,2.5,10.0,4.50,3.20,7.50,7.30,7.70,6183.552,10117.85,3756.327,1.045872,1.124900,0.966844,-99.000,-99.000,1965;1900,3.0;6.0,2017,Cratonic,1,NSHA18CAT_V0.1_hmtk_declustered.csv
SA,SA,area,1.0,10.0,5.0,15.0,4.5,3.0,7.5,7.3,7.7,59888.40,78772.33,45468.50,1.230617,1.276546,1.184688,-99,-99,1966;1966,3.0;3.0,2017,Non_cratonic,2.,NSHA18CAT_V0.1_hmtk_declustered.csv
SEA,SEA,area,1.00,10.0,5.0,15.0,4.50,2.90,7.70,7.50,7.90,124749.8,151895.0,102383.9,1.282225,1.316317,1.248133,-99.000,-99.000,1966;1966,2.9;2.9,2017,Extended,5,NSHA18CAT_V0.1_hmtk_declustered.csv
WA,WA,area,1.00,5.0,2.5,10.0,4.50,3.10,7.50,7.30,7.70,37363.01,44076.22,31648.16,0.992994,1.020508,0.965481,-99.000,-99.000,1980;1980,3.1;3.1,2017,Cratonic,3,NSHA18CAT_V0.1_hmtk_declustered.csv
EA,EA,area,1.0,10.0,5.0,15.0,4.5,3.0,7.5,7.3,7.7,17362.86,22953.38,13108.06,1.072331,1.120112,1.024550,-99,-99,1975;1975,3.0;3.0,2017,Non_cratonic,4.,NSHA18CAT_V0.1_hmtk_declustered.csv
