MAG,N_OBS,N_CUM,BIN_RTE,CUM_RTE,MFD_FIT
3.45,0,4,0.0000e+00,8.8430e-02,1.0244e-01
3.5500000000000003,2,4,5.3281e-02,8.8430e-02,8.8172e-02
3.6500000000000004,1,2,2.6641e-02,3.5148e-02,7.5884e-02
3.7500000000000004,0,1,0.0000e+00,8.5080e-03,6.5304e-02
3.8500000000000005,0,1,0.0000e+00,8.5080e-03,5.6194e-02
3.9500000000000006,0,1,0.0000e+00,8.5080e-03,4.8350e-02
4.050000000000001,0,1,0.0000e+00,8.5080e-03,4.1595e-02
4.15,0,1,0.0000e+00,8.5080e-03,3.5780e-02
4.250000000000001,0,1,0.0000e+00,8.5080e-03,3.0772e-02
4.350000000000001,0,1,0.0000e+00,8.5080e-03,2.6460e-02
4.450000000000001,0,1,0.0000e+00,8.5080e-03,2.2748e-02
4.550000000000001,0,1,0.0000e+00,8.5080e-03,1.9551e-02
4.650000000000001,0,1,0.0000e+00,8.5080e-03,1.6798e-02
4.750000000000002,0,1,0.0000e+00,8.5080e-03,1.4428e-02
4.850000000000001,0,1,0.0000e+00,8.5080e-03,1.2387e-02
4.950000000000001,0,1,0.0000e+00,8.5080e-03,1.0630e-02
5.050000000000002,0,1,0.0000e+00,8.5080e-03,9.1171e-03
5.150000000000002,0,1,0.0000e+00,8.5080e-03,7.8143e-03
5.250000000000002,0,1,0.0000e+00,8.5080e-03,6.6926e-03
5.350000000000001,0,1,0.0000e+00,8.5080e-03,5.7267e-03
5.450000000000002,0,1,0.0000e+00,8.5080e-03,4.8950e-03
5.5500000000000025,0,1,0.0000e+00,8.5080e-03,4.1789e-03
5.650000000000002,0,1,0.0000e+00,8.5080e-03,3.5623e-03
5.750000000000002,0,1,0.0000e+00,8.5080e-03,3.0314e-03
5.850000000000002,0,1,0.0000e+00,8.5080e-03,2.5742e-03
5.950000000000003,0,1,0.0000e+00,8.5080e-03,2.1806e-03
6.0500000000000025,0,1,0.0000e+00,8.5080e-03,1.8417e-03
6.150000000000002,0,1,0.0000e+00,8.5080e-03,1.5498e-03
6.250000000000003,0,1,0.0000e+00,8.5080e-03,1.2985e-03
6.350000000000003,0,1,0.0000e+00,8.5080e-03,1.0822e-03
6.450000000000003,0,1,0.0000e+00,8.5080e-03,8.9585e-04
6.5500000000000025,0,1,0.0000e+00,8.5080e-03,7.3544e-04
6.650000000000003,0,1,0.0000e+00,8.5080e-03,5.9731e-04
6.7500000000000036,0,1,0.0000e+00,8.5080e-03,4.7838e-04
6.850000000000003,0,1,0.0000e+00,8.5080e-03,3.7597e-04
6.950000000000003,0,1,0.0000e+00,8.5080e-03,2.8779e-04
7.050000000000003,0,1,0.0000e+00,8.5080e-03,2.1187e-04
7.150000000000004,0,1,0.0000e+00,8.5080e-03,1.4649e-04
7.2500000000000036,1,1,8.5080e-03,8.5080e-03,9.0203e-05
7.350000000000003,0,0,0.0000e+00,0.0000e+00,4.1734e-05
7.450000000000004,0,0,0.0000e+00,0.0000e+00,-3.4454e-19
