MAG,N_OBS,N_CUM,BIN_RTE,CUM_RTE,MFD_FIT
5.75,1,7,2.5002e-02,1.4284e-01,1.4207e-01
5.85,1,6,2.5002e-02,1.1784e-01,1.1517e-01
5.949999999999999,0,5,0.0000e+00,9.2837e-02,9.3333e-02
6.049999999999999,1,5,2.5002e-02,9.2837e-02,7.5611e-02
6.149999999999999,0,4,0.0000e+00,6.7836e-02,6.1226e-02
6.249999999999998,0,4,0.0000e+00,6.7836e-02,4.9551e-02
6.349999999999998,1,4,1.9609e-02,6.7836e-02,4.0074e-02
6.4499999999999975,0,3,0.0000e+00,4.8227e-02,3.2381e-02
6.549999999999997,0,3,0.0000e+00,4.8227e-02,2.6137e-02
6.649999999999997,1,3,1.9609e-02,4.8227e-02,2.1069e-02
6.7499999999999964,1,2,1.9609e-02,2.8618e-02,1.6956e-02
6.849999999999996,0,1,0.0000e+00,9.0092e-03,1.3617e-02
6.949999999999996,0,1,0.0000e+00,9.0092e-03,1.0906e-02
7.049999999999995,0,1,0.0000e+00,9.0092e-03,8.7065e-03
7.149999999999995,0,1,0.0000e+00,9.0092e-03,6.9209e-03
7.249999999999995,0,1,0.0000e+00,9.0092e-03,5.4716e-03
7.349999999999994,0,1,0.0000e+00,9.0092e-03,4.2952e-03
7.449999999999994,0,1,0.0000e+00,9.0092e-03,3.3403e-03
7.549999999999994,1,1,9.0092e-03,9.0092e-03,2.5653e-03
7.649999999999993,0,0,0.0000e+00,0.0000e+00,1.9362e-03
7.749999999999993,0,0,0.0000e+00,0.0000e+00,1.4255e-03
7.8499999999999925,0,0,0.0000e+00,0.0000e+00,1.0111e-03
7.949999999999992,0,0,0.0000e+00,0.0000e+00,6.7463e-04
8.049999999999992,0,0,0.0000e+00,0.0000e+00,4.0156e-04
8.149999999999991,0,0,0.0000e+00,0.0000e+00,1.7991e-04
8.249999999999991,0,0,0.0000e+00,0.0000e+00,1.7991e-04
