MAG,N_OBS,N_CUM,BIN_RTE,CUM_RTE,MFD_FIT
3.45,0,4,0.0000e+00,8.8430e-02,1.0401e-01
3.5500000000000003,2,4,5.3281e-02,8.8430e-02,8.8281e-02
3.6500000000000004,1,2,2.6641e-02,3.5148e-02,7.4929e-02
3.7500000000000004,0,1,0.0000e+00,8.5080e-03,6.3594e-02
3.8500000000000005,0,1,0.0000e+00,8.5080e-03,5.3970e-02
3.9500000000000006,0,1,0.0000e+00,8.5080e-03,4.5799e-02
4.050000000000001,0,1,0.0000e+00,8.5080e-03,3.8862e-02
4.15,0,1,0.0000e+00,8.5080e-03,3.2972e-02
4.250000000000001,0,1,0.0000e+00,8.5080e-03,2.7971e-02
4.350000000000001,0,1,0.0000e+00,8.5080e-03,2.3726e-02
4.450000000000001,0,1,0.0000e+00,8.5080e-03,2.0121e-02
4.550000000000001,0,1,0.0000e+00,8.5080e-03,1.7060e-02
4.650000000000001,0,1,0.0000e+00,8.5080e-03,1.4462e-02
4.750000000000002,0,1,0.0000e+00,8.5080e-03,1.2256e-02
4.850000000000001,0,1,0.0000e+00,8.5080e-03,1.0383e-02
4.950000000000001,0,1,0.0000e+00,8.5080e-03,8.7929e-03
5.050000000000002,0,1,0.0000e+00,8.5080e-03,7.4428e-03
5.150000000000002,0,1,0.0000e+00,8.5080e-03,6.2965e-03
5.250000000000002,0,1,0.0000e+00,8.5080e-03,5.3233e-03
5.350000000000001,0,1,0.0000e+00,8.5080e-03,4.4970e-03
5.450000000000002,0,1,0.0000e+00,8.5080e-03,3.7955e-03
5.5500000000000025,0,1,0.0000e+00,8.5080e-03,3.1999e-03
5.650000000000002,0,1,0.0000e+00,8.5080e-03,2.6942e-03
5.750000000000002,0,1,0.0000e+00,8.5080e-03,2.2649e-03
5.850000000000002,0,1,0.0000e+00,8.5080e-03,1.9004e-03
5.950000000000003,0,1,0.0000e+00,8.5080e-03,1.5909e-03
6.0500000000000025,0,1,0.0000e+00,8.5080e-03,1.3281e-03
6.150000000000002,0,1,0.0000e+00,8.5080e-03,1.1051e-03
6.250000000000003,0,1,0.0000e+00,8.5080e-03,9.1566e-04
6.350000000000003,0,1,0.0000e+00,8.5080e-03,7.5486e-04
6.450000000000003,0,1,0.0000e+00,8.5080e-03,6.1833e-04
6.5500000000000025,0,1,0.0000e+00,8.5080e-03,5.0242e-04
6.650000000000003,0,1,0.0000e+00,8.5080e-03,4.0400e-04
6.7500000000000036,0,1,0.0000e+00,8.5080e-03,3.2045e-04
6.850000000000003,0,1,0.0000e+00,8.5080e-03,2.4951e-04
6.950000000000003,0,1,0.0000e+00,8.5080e-03,1.8928e-04
7.050000000000003,0,1,0.0000e+00,8.5080e-03,1.3814e-04
7.150000000000004,0,1,0.0000e+00,8.5080e-03,9.4726e-05
7.2500000000000036,1,1,8.5080e-03,8.5080e-03,5.7866e-05
7.350000000000003,0,0,0.0000e+00,0.0000e+00,2.6570e-05
7.450000000000004,0,0,0.0000e+00,0.0000e+00,-2.3224e-19
