MAG,N_OBS,N_CUM,BIN_RTE,CUM_RTE,MFD_FIT
5.75,0,8,0.0000e+00,1.6245e-01,1.9998e-01
5.85,2,8,5.0003e-02,1.6245e-01,1.6038e-01
5.949999999999999,0,6,0.0000e+00,1.1245e-01,1.2854e-01
6.049999999999999,1,6,2.5002e-02,1.1245e-01,1.0294e-01
6.149999999999999,0,5,0.0000e+00,8.7445e-02,8.2359e-02
6.249999999999998,0,5,0.0000e+00,8.7445e-02,6.5811e-02
6.349999999999998,0,5,0.0000e+00,8.7445e-02,5.2507e-02
6.4499999999999975,0,5,0.0000e+00,8.7445e-02,4.1810e-02
6.549999999999997,0,5,0.0000e+00,8.7445e-02,3.3210e-02
6.649999999999997,2,5,3.9218e-02,8.7445e-02,2.6295e-02
6.7499999999999964,0,3,0.0000e+00,4.8227e-02,2.0736e-02
6.849999999999996,0,3,0.0000e+00,4.8227e-02,1.6266e-02
6.949999999999996,2,3,3.9218e-02,4.8227e-02,1.2672e-02
7.049999999999995,0,1,0.0000e+00,9.0092e-03,9.7828e-03
7.149999999999995,0,1,0.0000e+00,9.0092e-03,7.4598e-03
7.249999999999995,0,1,0.0000e+00,9.0092e-03,5.5921e-03
7.349999999999994,0,1,0.0000e+00,9.0092e-03,4.0904e-03
7.449999999999994,0,1,0.0000e+00,9.0092e-03,2.8831e-03
7.549999999999994,0,1,0.0000e+00,9.0092e-03,1.9124e-03
7.649999999999993,1,1,9.0092e-03,9.0092e-03,1.1320e-03
7.749999999999993,0,0,0.0000e+00,0.0000e+00,5.0449e-04
7.8499999999999925,0,0,0.0000e+00,0.0000e+00,5.0449e-04
