MAG,N_OBS,N_CUM,BIN_RTE,CUM_RTE,MFD_FIT
5.75,1,2,2.5002e-02,4.4610e-02,1.4286e-01
5.85,0,1,0.0000e+00,1.9609e-02,1.1581e-01
5.949999999999999,0,1,0.0000e+00,1.9609e-02,9.3854e-02
6.049999999999999,0,1,0.0000e+00,1.9609e-02,7.6033e-02
6.149999999999999,0,1,0.0000e+00,1.9609e-02,6.1568e-02
6.249999999999998,0,1,0.0000e+00,1.9609e-02,4.9827e-02
6.349999999999998,0,1,0.0000e+00,1.9609e-02,4.0297e-02
6.4499999999999975,1,1,1.9609e-02,1.9609e-02,3.2562e-02
6.549999999999997,0,0,0.0000e+00,0.0000e+00,2.6283e-02
6.649999999999997,0,0,0.0000e+00,0.0000e+00,2.1187e-02
6.7499999999999964,0,0,0.0000e+00,0.0000e+00,1.7050e-02
6.849999999999996,0,0,0.0000e+00,0.0000e+00,1.3693e-02
6.949999999999996,0,0,0.0000e+00,0.0000e+00,1.0967e-02
7.049999999999995,0,0,0.0000e+00,0.0000e+00,8.7551e-03
7.149999999999995,0,0,0.0000e+00,0.0000e+00,6.9596e-03
7.249999999999995,0,0,0.0000e+00,0.0000e+00,5.5022e-03
7.349999999999994,0,0,0.0000e+00,0.0000e+00,4.3192e-03
7.449999999999994,0,0,0.0000e+00,0.0000e+00,3.3590e-03
7.549999999999994,0,0,0.0000e+00,0.0000e+00,2.5796e-03
7.649999999999993,0,0,0.0000e+00,0.0000e+00,1.9470e-03
7.749999999999993,0,0,0.0000e+00,0.0000e+00,1.4335e-03
7.8499999999999925,0,0,0.0000e+00,0.0000e+00,1.0167e-03
7.949999999999992,0,0,0.0000e+00,0.0000e+00,6.7839e-04
8.049999999999992,0,0,0.0000e+00,0.0000e+00,4.0380e-04
8.149999999999991,0,0,0.0000e+00,0.0000e+00,1.8091e-04
8.249999999999991,0,0,0.0000e+00,0.0000e+00,1.8091e-04
