SRC_NAME,CODE,SRC_TYPE,SRC_WEIGHT,DEP_BEST,DEP_UPPER,DEP_LOWER,MIN_MAG,MIN_RMAG,MMAX_BEST,MMAX_LOWER,MMAX_UPPER,N0_BEST,N0_LOWER,N0_UPPER,BVAL_BEST,BVAL_LOWER,BVAL_UPPER,BVAL_FIX,BVAL_FIX_S,YCOMP,MCOMP,YMAX,TRT,DOMAIN,CAT_FILE
Northwestern Passive Margin,NA_1,area,1.0,10.0,5.0,15.0,4.5,4.0,7.7,7.5,7.9,585.6916,971.8668,340.0187,0.835197,0.943686,0.726708,0.835197,0.108489,2000;1990;1970;1963,3.0;3.5;5.0;6.0,2011,Extended,7.,AUSTCAT_V0.12_hmtk_declustered.csv
Cratonic Australia,NA_2,area,1.0,5.0,2.5,10.0,4.5,4.0,7.5,7.3,7.7,3635.184,6214.278,2098.867,0.819483,0.891739,0.747227,0.819483,0.072256,1985;1965;1940,3.5;4.2;6.4,2011,Cratonic,3.,AUSTCAT_V0.12_hmtk_declustered.csv
Non-cratonic Australia,NA_3,area,1.0,10.0,5.0,15.0,4.5,4.0,7.5,7.3,7.7,44104.50,138193.4,13661.97,1.208254,1.35451,1.061998,1.208254,0.146256,1990;1980;1965,3.0;3.5;4.0,2011,Non_cratonic,4.,AUSTCAT_V0.12_hmtk_declustered.csv
Southeastern Passive Margin,NA_4,area,1.0,10.0,5.0,15.0,4.5,4.0,7.7,7.5,7.9,1e-30,-99.0,-99.0,0.835197,-99.0,-99.0,0.835197,0.108489,2000;1990;1970;1963,3.0;3.5;5.0;6.0,2011,Extended,7.,AUSTCAT_V0.12_hmtk_declustered.csv
Northwestern Australia,NWA,area,1.0,5.0,2.5,10.0,4.5,4.0,7.5,7.3,7.7,2603.964,4364.282,1526.877,0.819483,0.891739,0.747227,0.819483,0.072256,1985;1965;1940,3.5;4.2;6.4,2011,Cratonic,3.,AUSTCAT_V0.12_hmtk_declustered.csv
South Australia,SA,area,1.0,10.0,5.0,15.0,4.5,4.0,7.5,7.3,7.7,27241.01,80541.59,8774.796,1.208254,1.35451,1.061998,1.208254,0.146256,1990;1980;1965,3.0;3.5;4.0,2011,Non_cratonic,4.,AUSTCAT_V0.12_hmtk_declustered.csv
Southeastern Australia,SEA,area,1.0,10.0,5.0,15.0,4.5,4.0,7.5,7.3,7.7,49293.26,156180.9,15148.34,1.208254,1.35451,1.061998,1.208254,0.146256,1990;1980;1965,3.0;3.5;4.0,2011,Non_cratonic,4.,AUSTCAT_V0.12_hmtk_declustered.csv
Southwestern Australia,SWA,area,1.0,5.0,2.5,10.0,4.5,4.0,7.5,7.3,7.7,889.6270,1332.603,564.2072,0.819483,0.891739,0.747227,0.819483,0.072256,1985;1965;1940,3.5;4.2;6.4,2011,Cratonic,3.,AUSTCAT_V0.12_hmtk_declustered.csv
