MAG,N_OBS,N_CUM,BIN_RTE,CUM_RTE,MFD_FIT
3.45,1,5,2.6641e-02,1.1728e-01,1.1699e-01
3.5500000000000003,1,4,2.6641e-02,9.0639e-02,1.0069e-01
3.6500000000000004,1,3,2.6641e-02,6.3998e-02,8.6657e-02
3.7500000000000004,0,2,0.0000e+00,3.7357e-02,7.4575e-02
3.8500000000000005,0,2,0.0000e+00,3.7357e-02,6.4171e-02
3.9500000000000006,0,2,0.0000e+00,3.7357e-02,5.5213e-02
4.050000000000001,0,2,0.0000e+00,3.7357e-02,4.7500e-02
4.15,0,2,0.0000e+00,3.7357e-02,4.0859e-02
4.250000000000001,0,2,0.0000e+00,3.7357e-02,3.5140e-02
4.350000000000001,0,2,0.0000e+00,3.7357e-02,3.0216e-02
4.450000000000001,0,2,0.0000e+00,3.7357e-02,2.5977e-02
4.550000000000001,0,2,0.0000e+00,3.7357e-02,2.2326e-02
4.650000000000001,0,2,0.0000e+00,3.7357e-02,1.9183e-02
4.750000000000002,0,2,0.0000e+00,3.7357e-02,1.6476e-02
4.850000000000001,0,2,0.0000e+00,3.7357e-02,1.4146e-02
4.950000000000001,0,2,0.0000e+00,3.7357e-02,1.2139e-02
5.050000000000002,1,2,1.8679e-02,3.7357e-02,1.0411e-02
5.150000000000002,0,1,0.0000e+00,1.8679e-02,8.9236e-03
5.250000000000002,0,1,0.0000e+00,1.8679e-02,7.6426e-03
5.350000000000001,1,1,1.8679e-02,1.8679e-02,6.5396e-03
5.450000000000002,0,0,0.0000e+00,0.0000e+00,5.5899e-03
5.5500000000000025,0,0,0.0000e+00,0.0000e+00,4.7721e-03
5.650000000000002,0,0,0.0000e+00,0.0000e+00,4.0680e-03
5.750000000000002,0,0,0.0000e+00,0.0000e+00,3.4617e-03
5.850000000000002,0,0,0.0000e+00,0.0000e+00,2.9396e-03
5.950000000000003,0,0,0.0000e+00,0.0000e+00,2.4901e-03
6.0500000000000025,0,0,0.0000e+00,0.0000e+00,2.1031e-03
6.150000000000002,0,0,0.0000e+00,0.0000e+00,1.7698e-03
6.250000000000003,0,0,0.0000e+00,0.0000e+00,1.4829e-03
6.350000000000003,0,0,0.0000e+00,0.0000e+00,1.2358e-03
6.450000000000003,0,0,0.0000e+00,0.0000e+00,1.0230e-03
6.5500000000000025,0,0,0.0000e+00,0.0000e+00,8.3984e-04
6.650000000000003,0,0,0.0000e+00,0.0000e+00,6.8210e-04
6.7500000000000036,0,0,0.0000e+00,0.0000e+00,5.4629e-04
6.850000000000003,0,0,0.0000e+00,0.0000e+00,4.2934e-04
6.950000000000003,0,0,0.0000e+00,0.0000e+00,3.2865e-04
7.050000000000003,0,0,0.0000e+00,0.0000e+00,2.4194e-04
7.150000000000004,0,0,0.0000e+00,0.0000e+00,1.6729e-04
7.2500000000000036,0,0,0.0000e+00,0.0000e+00,1.0301e-04
7.350000000000003,0,0,0.0000e+00,0.0000e+00,4.7659e-05
7.450000000000004,0,0,0.0000e+00,0.0000e+00,-3.9345e-19
