MAG,N_OBS,N_CUM,BIN_RTE,CUM_RTE,MFD_FIT
5.75,0,2,0.0000e+00,5.0003e-02,2.5239e-02
5.85,1,2,2.5002e-02,5.0003e-02,2.0460e-02
5.949999999999999,1,1,2.5002e-02,2.5002e-02,1.6581e-02
6.049999999999999,0,0,0.0000e+00,0.0000e+00,1.3433e-02
6.149999999999999,0,0,0.0000e+00,0.0000e+00,1.0877e-02
6.249999999999998,0,0,0.0000e+00,0.0000e+00,8.8030e-03
6.349999999999998,0,0,0.0000e+00,0.0000e+00,7.1193e-03
6.4499999999999975,0,0,0.0000e+00,0.0000e+00,5.7527e-03
6.549999999999997,0,0,0.0000e+00,0.0000e+00,4.6434e-03
6.649999999999997,0,0,0.0000e+00,0.0000e+00,3.7431e-03
6.7499999999999964,0,0,0.0000e+00,0.0000e+00,3.0123e-03
6.849999999999996,0,0,0.0000e+00,0.0000e+00,2.4191e-03
6.949999999999996,0,0,0.0000e+00,0.0000e+00,1.9376e-03
7.049999999999995,0,0,0.0000e+00,0.0000e+00,1.5468e-03
7.149999999999995,0,0,0.0000e+00,0.0000e+00,1.2295e-03
7.249999999999995,0,0,0.0000e+00,0.0000e+00,9.7206e-04
7.349999999999994,0,0,0.0000e+00,0.0000e+00,7.6307e-04
7.449999999999994,0,0,0.0000e+00,0.0000e+00,5.9343e-04
7.549999999999994,0,0,0.0000e+00,0.0000e+00,4.5573e-04
7.649999999999993,0,0,0.0000e+00,0.0000e+00,3.4397e-04
7.749999999999993,0,0,0.0000e+00,0.0000e+00,2.5325e-04
7.8499999999999925,0,0,0.0000e+00,0.0000e+00,1.7962e-04
7.949999999999992,0,0,0.0000e+00,0.0000e+00,1.1985e-04
8.049999999999992,0,0,0.0000e+00,0.0000e+00,7.1339e-05
8.149999999999991,0,0,0.0000e+00,0.0000e+00,3.1962e-05
8.249999999999991,0,0,0.0000e+00,0.0000e+00,3.1962e-05
