MAG,N_OBS,N_CUM,BIN_RTE,CUM_RTE,MFD_FIT
5.75,1,10,2.5002e-02,2.3384e-01,2.2923e-01
5.85,2,9,5.0003e-02,2.0884e-01,1.8340e-01
5.949999999999999,1,7,2.5002e-02,1.5883e-01,1.4655e-01
6.049999999999999,1,6,2.5002e-02,1.3383e-01,1.1692e-01
6.149999999999999,2,5,5.0003e-02,1.0883e-01,9.3102e-02
6.249999999999998,1,3,1.9609e-02,5.8826e-02,7.3951e-02
6.349999999999998,1,2,1.9609e-02,3.9218e-02,5.8554e-02
6.4499999999999975,0,1,0.0000e+00,1.9609e-02,4.6174e-02
6.549999999999997,1,1,1.9609e-02,1.9609e-02,3.6221e-02
6.649999999999997,0,0,0.0000e+00,0.0000e+00,2.8218e-02
6.7499999999999964,0,0,0.0000e+00,0.0000e+00,2.1784e-02
6.849999999999996,0,0,0.0000e+00,0.0000e+00,1.6611e-02
6.949999999999996,0,0,0.0000e+00,0.0000e+00,1.2452e-02
7.049999999999995,0,0,0.0000e+00,0.0000e+00,9.1086e-03
7.149999999999995,0,0,0.0000e+00,0.0000e+00,6.4201e-03
7.249999999999995,0,0,0.0000e+00,0.0000e+00,4.2585e-03
7.349999999999994,0,0,0.0000e+00,0.0000e+00,2.5207e-03
7.449999999999994,0,0,0.0000e+00,0.0000e+00,1.1234e-03
7.549999999999994,0,0,0.0000e+00,0.0000e+00,1.1234e-03
