MAG,N_OBS,N_CUM,BIN_RTE,CUM_RTE,MFD_FIT
3.45,1,7,2.6641e-02,1.7056e-01,1.7017e-01
3.5500000000000003,1,6,2.6641e-02,1.4392e-01,1.4612e-01
3.6500000000000004,3,5,7.9922e-02,1.1728e-01,1.2546e-01
3.7500000000000004,0,2,0.0000e+00,3.7357e-02,1.0771e-01
3.8500000000000005,0,2,0.0000e+00,3.7357e-02,9.2470e-02
3.9500000000000006,0,2,0.0000e+00,3.7357e-02,7.9376e-02
4.050000000000001,0,2,0.0000e+00,3.7357e-02,6.8128e-02
4.15,0,2,0.0000e+00,3.7357e-02,5.8466e-02
4.250000000000001,0,2,0.0000e+00,3.7357e-02,5.0167e-02
4.350000000000001,0,2,0.0000e+00,3.7357e-02,4.3038e-02
4.450000000000001,0,2,0.0000e+00,3.7357e-02,3.6914e-02
4.550000000000001,0,2,0.0000e+00,3.7357e-02,3.1653e-02
4.650000000000001,0,2,0.0000e+00,3.7357e-02,2.7135e-02
4.750000000000002,0,2,0.0000e+00,3.7357e-02,2.3253e-02
4.850000000000001,0,2,0.0000e+00,3.7357e-02,1.9919e-02
4.950000000000001,0,2,0.0000e+00,3.7357e-02,1.7056e-02
5.050000000000002,1,2,1.8679e-02,3.7357e-02,1.4595e-02
5.150000000000002,0,1,0.0000e+00,1.8679e-02,1.2482e-02
5.250000000000002,0,1,0.0000e+00,1.8679e-02,1.0667e-02
5.350000000000001,1,1,1.8679e-02,1.8679e-02,9.1079e-03
5.450000000000002,0,0,0.0000e+00,0.0000e+00,7.7685e-03
5.5500000000000025,0,0,0.0000e+00,0.0000e+00,6.6181e-03
5.650000000000002,0,0,0.0000e+00,0.0000e+00,5.6298e-03
5.750000000000002,0,0,0.0000e+00,0.0000e+00,4.7809e-03
5.850000000000002,0,0,0.0000e+00,0.0000e+00,4.0517e-03
5.950000000000003,0,0,0.0000e+00,0.0000e+00,3.4253e-03
6.0500000000000025,0,0,0.0000e+00,0.0000e+00,2.8873e-03
6.150000000000002,0,0,0.0000e+00,0.0000e+00,2.4251e-03
6.250000000000003,0,0,0.0000e+00,0.0000e+00,2.0281e-03
6.350000000000003,0,0,0.0000e+00,0.0000e+00,1.6871e-03
6.450000000000003,0,0,0.0000e+00,0.0000e+00,1.3942e-03
6.5500000000000025,0,0,0.0000e+00,0.0000e+00,1.1425e-03
6.650000000000003,0,0,0.0000e+00,0.0000e+00,9.2639e-04
6.7500000000000036,0,0,0.0000e+00,0.0000e+00,7.4072e-04
6.850000000000003,0,0,0.0000e+00,0.0000e+00,5.8124e-04
6.950000000000003,0,0,0.0000e+00,0.0000e+00,4.4424e-04
7.050000000000003,0,0,0.0000e+00,0.0000e+00,3.2657e-04
7.150000000000004,0,0,0.0000e+00,0.0000e+00,2.2548e-04
7.2500000000000036,0,0,0.0000e+00,0.0000e+00,1.3865e-04
7.350000000000003,0,0,0.0000e+00,0.0000e+00,6.4068e-05
7.450000000000004,0,0,0.0000e+00,0.0000e+00,-5.1995e-19
