OBJECTID,neotec_num,Shape_Leng,Shape_Area
1,1,22.60443714960,34.34903007700
2,1,57.01928482450,208.87129214100
3,2,21.85368278580,26.86674426210
4,3,21.74027202280,18.25505703450
5,3,64.57814091300,158.17167819100
6,4,63.80587475970,216.15079965400
7,5,37.94739686910,36.28434198930
8,6,79.09998823850,114.11060407600
9,7,65.01463996870,86.79879672790
10,7,70.69453358080,90.29078551780
11,7,61.63225265100,52.25934768370
12,8,42.68579238190,111.73863281700
