MAG,N_OBS,N_CUM,BIN_RTE,CUM_RTE,MFD_FIT
3.45,0,10,0.0000e+00,2.5844e-01,2.9959e-01
3.5500000000000003,2,10,5.3281e-02,2.5844e-01,2.5789e-01
3.6500000000000004,0,8,0.0000e+00,2.0516e-01,2.2197e-01
3.7500000000000004,0,8,0.0000e+00,2.0516e-01,1.9105e-01
3.8500000000000005,2,8,5.3281e-02,2.0516e-01,1.6443e-01
3.9500000000000006,0,6,0.0000e+00,1.5188e-01,1.4150e-01
4.050000000000001,2,6,5.3281e-02,1.5188e-01,1.2176e-01
4.15,0,4,0.0000e+00,9.8600e-02,1.0476e-01
4.250000000000001,0,4,0.0000e+00,9.8600e-02,9.0129e-02
4.350000000000001,1,4,2.6641e-02,9.8600e-02,7.7528e-02
4.450000000000001,0,3,0.0000e+00,7.1960e-02,6.6677e-02
4.550000000000001,1,3,2.6641e-02,7.1960e-02,5.7334e-02
4.650000000000001,1,2,2.6641e-02,4.5319e-02,4.9290e-02
4.750000000000002,0,1,0.0000e+00,1.8679e-02,4.2363e-02
4.850000000000001,0,1,0.0000e+00,1.8679e-02,3.6398e-02
4.950000000000001,0,1,0.0000e+00,1.8679e-02,3.1263e-02
5.050000000000002,1,1,1.8679e-02,1.8679e-02,2.6841e-02
5.150000000000002,0,0,0.0000e+00,0.0000e+00,2.3033e-02
5.250000000000002,0,0,0.0000e+00,0.0000e+00,1.9755e-02
5.350000000000001,0,0,0.0000e+00,0.0000e+00,1.6932e-02
5.450000000000002,0,0,0.0000e+00,0.0000e+00,1.4502e-02
5.5500000000000025,0,0,0.0000e+00,0.0000e+00,1.2409e-02
5.650000000000002,0,0,0.0000e+00,0.0000e+00,1.0607e-02
5.750000000000002,0,0,0.0000e+00,0.0000e+00,9.0549e-03
5.850000000000002,0,0,0.0000e+00,0.0000e+00,7.7188e-03
5.950000000000003,0,0,0.0000e+00,0.0000e+00,6.5684e-03
6.0500000000000025,0,0,0.0000e+00,0.0000e+00,5.5778e-03
6.150000000000002,0,0,0.0000e+00,0.0000e+00,4.7249e-03
6.250000000000003,0,0,0.0000e+00,0.0000e+00,3.9905e-03
6.350000000000003,0,0,0.0000e+00,0.0000e+00,3.3581e-03
6.450000000000003,0,0,0.0000e+00,0.0000e+00,2.8137e-03
6.5500000000000025,0,0,0.0000e+00,0.0000e+00,2.3448e-03
6.650000000000003,0,0,0.0000e+00,0.0000e+00,1.9411e-03
6.7500000000000036,0,0,0.0000e+00,0.0000e+00,1.5935e-03
6.850000000000003,0,0,0.0000e+00,0.0000e+00,1.2943e-03
6.950000000000003,0,0,0.0000e+00,0.0000e+00,1.0366e-03
7.050000000000003,0,0,0.0000e+00,0.0000e+00,8.1466e-04
7.150000000000004,0,0,0.0000e+00,0.0000e+00,6.2359e-04
7.2500000000000036,0,0,0.0000e+00,0.0000e+00,4.5908e-04
7.350000000000003,0,0,0.0000e+00,0.0000e+00,3.1742e-04
7.450000000000004,0,0,0.0000e+00,0.0000e+00,1.9545e-04
7.550000000000003,0,0,0.0000e+00,0.0000e+00,9.0430e-05
7.650000000000004,0,0,0.0000e+00,0.0000e+00,-7.4655e-19
